url,status,title,title_length,h1,word_count,h2_count,image_count,missing_alt_count,internal_link_count,has_meta_description,duplicate_title,readability_grade,days_since_update,noindex,pageviews,avg_engagement_time,engagement_rate,content_score,freshness_score,final_score,auto_label,editor_override,final_label
https://clearviewlibrary.org,200,Homepage | Clearview Library,28,Search the Library,2209,9,33,0,182,false,false,0,9999,false,50097,133.51822212533034,0.5316023608174771,47,20,36.2,High Impact – Improve,,
https://clearviewlibrary.org/about-us/learn-more/news/improving-our-community-spaces-pikes-peak-meeting-room-renovation,200,Improving Our Community Spaces: Pikes Peak Meeting Room Renovation | Clearview Library,86,Improving Our Community Spaces: Pikes Peak Meeting Room Renovation,644,7,6,0,141,true,false,0,26,false,117,116.21172392523364,0.7383177570093458,57,100,74.2,Maintain,,
https://clearviewlibrary.org/about-us/learn-more/hours-locations,200,Hours & Locations | Clearview Library,37,Where to Find Us,258,6,9,1,137,false,false,0,9999,false,1957,133.54726524245524,0.6982097186700768,36,20,29.6,High Impact – Improve,,
https://clearviewlibrary.org/contact,200,Contact | Clearview Library,27,Contact,242,10,6,0,148,true,false,0,9999,false,692,125.34264244444445,0.7230273752012882,42,20,33.2,High Impact – Improve,,
https://clearviewlibrary.org/card,200,Get a Library Card | Clearview Library,38,Get a Library Card,107,6,6,0,148,true,false,0,9999,false,1403,82.80445355684647,0.6622406639004149,45,20,35.0,High Impact – Improve,,
https://clearviewlibrary.org/borrow-research,200,Borrow & Research | Clearview Library,37,Something for Everyone,106,7,12,0,138,false,false,0,9999,false,613,69.01363216952382,0.8571428571428571,40,20,32.0,High Impact – Improve,,
https://clearviewlibrary.org/borrow-research/books-movies-more,200,"Books, Movies, & More | Clearview Library",41,What to Binge Next,126,7,13,0,144,false,false,0,9999,false,130,52.11716227966101,0.7542372881355932,40,20,32.0,High Impact – Improve,,
https://clearviewlibrary.org/borrow-research/books-movies-more/downloads-streaming,200,Downloads & Streaming | Clearview Library,41,The Library at Your Fingertips,658,9,59,0,136,false,false,0,9999,false,892,105.79055339974457,0.7828863346104725,55,20,41.0,High Impact – Improve,,
https://clearviewlibrary.org/borrow-research/books-movies-more/explore-kits,200,"""Library of Things"": Check Out an Adventure with Explore Kits | Clearview Library",81,"""Library of Things"": Check Out an Adventure with Explore Kits",192,6,6,0,149,false,false,0,9999,false,255,51.708324567441856,0.7953488372093023,37,20,30.2,High Impact – Improve,,
https://clearviewlibrary.org/borrow-research/adventure-pass,200,Adventure Pass | Clearview Library,34,Adventure Pass,848,17,16,0,160,true,true,0,9999,false,1894,170.3791764596879,0.7464239271781534,45,20,35.0,High Impact – Improve,,
https://clearviewlibrary.org/borrow-research/books-movies-more/interlibrary-loan,200,Interlibrary Loan | Clearview Library,37,Interlibrary Loan,780,9,6,0,149,true,false,0,9999,false,528,95.25314636717063,0.9200863930885529,60,20,44.0,High Impact – Improve,,
https://clearviewlibrary.org/form/suggest-a-purchase,200,Suggest a Purchase | Clearview Library,38,,132,5,5,0,137,false,false,0,9999,false,81,88.68524414925372,0.9701492537313433,40,20,32.0,High Impact – Improve,,
https://clearviewlibrary.org/borrow-research/books-movies-more/read-watch-listen-suggestions,200,"Read, Watch, Listen Suggestions | Clearview Library",51,"Read, Watch, Listen Suggestions",141,7,5,0,152,false,false,0,9999,false,94,86.97494091566266,0.6867469879518072,40,20,32.0,High Impact – Improve,,
https://clearviewlibrary.org/borrow-research/research,200,Research | Clearview Library,28,Learn Something New,3423,69,69,0,206,false,true,0,9999,false,837,250.88100231824063,0.6882276843467011,32,20,27.2,High Impact – Improve,,
https://clearviewlibrary.org/borrow-research/research/books-literature-0,200,Books & Literature | Clearview Library,38,Books & Literature,278,11,10,0,144,false,true,0,9999,false,57,56.37924145283019,0.5471698113207547,25,20,23.0,High Impact – Improve,,
https://clearviewlibrary.org/borrow-research/research/business-legal-0,200,Business & Legal | Clearview Library,36,Business & Legal,156,9,8,0,142,false,true,0,9999,false,41,52.666570261904766,0.38095238095238093,25,20,23.0,High Impact – Improve,,
https://clearviewlibrary.org/borrow-research/research/history-genealogy,200,History & Genealogy | Clearview Library,39,History & Genealogy,397,14,13,0,148,false,true,0,9999,false,107,161.21078501818184,0.6181818181818182,32,20,27.2,High Impact – Improve,,
https://clearviewlibrary.org/borrow-research/research/homework-online-learning-0,200,Homework & Online Learning | Clearview Library,46,Homework & Online Learning,776,20,19,0,158,false,true,0,9999,false,92,54.68488867032967,0.43956043956043955,40,20,32.0,High Impact – Improve,,
https://clearviewlibrary.org/borrow-research/research/news-current-events,200,News & Current Events | Clearview Library,41,News & Current Events,365,11,10,0,144,false,true,0,9999,false,240,47.810354716157214,0.8820960698689956,32,20,27.2,High Impact – Improve,,
https://clearviewlibrary.org/services/other/reserve-room,200,Reserve a Meeting Room | Clearview Library,42,Reserve a Meeting Room,531,17,5,0,152,true,false,0,9999,false,1399,77.88609593952673,0.6713409290096407,52,20,39.2,High Impact – Improve,,
https://clearviewlibrary.org/programs-events/upcoming-events/for-adults,200,For Adults | Clearview Library,30,For Adults,289,10,7,0,148,true,false,0,9999,false,421,135.1534838795181,0.8704819277108434,45,20,35.0,High Impact – Improve,,
https://clearviewlibrary.org/programs-events/upcoming-events/for-teens,200,For Teens | Clearview Library,29,For Teens,863,13,9,0,147,true,false,0,9999,false,178,147.87156669798657,0.825503355704698,57,20,42.2,High Impact – Improve,,
https://clearviewlibrary.org/programs-events/upcoming-events/book-clubs,200,Book Clubs | Clearview Library,30,Book Clubs,1038,16,9,0,145,true,false,0,9999,false,261,113.40933261650484,0.8203883495145631,60,20,44.0,High Impact – Improve,,
https://clearviewlibrary.org/programs-events/upcoming-events/suggest-program,200,Suggest a Program | Clearview Library,37,Suggest a Program,90,7,5,0,145,false,false,0,9999,false,34,84.61667808823529,0.5882352941176471,40,20,32.0,Maintain,,
https://clearviewlibrary.org/sap,200,Summer Adventure Program | Clearview Library,44,Summer Adventure Program,81,6,6,0,136,false,false,0,9999,false,95,88.04850946067415,0.7752808988764045,40,20,32.0,High Impact – Improve,,
https://clearviewlibrary.org/programs-events/just-for-kids,200,Just for Kids | Clearview Library,33,Just for Kids,415,11,6,0,147,false,false,0,9999,false,151,99.69192276811594,0.7536231884057971,47,20,36.2,High Impact – Improve,,
https://clearviewlibrary.org/programs-events/just-for-kids/little-ones,200,Little Ones | Clearview Library,31,Little Ones,887,11,6,0,146,true,false,0,9999,false,857,73.39188239220779,0.7025974025974026,60,20,44.0,High Impact – Improve,,
https://clearviewlibrary.org/programs-events/just-for-kids/1k-books-before-kindergarten,200,1000 Books Before Kindergarten | Clearview Library,50,1000 Books Before Kindergarten,181,6,6,0,145,false,false,0,9999,false,138,156.27912115503875,0.8449612403100775,40,20,32.0,High Impact – Improve,,
https://clearviewlibrary.org/services,200,Services | Clearview Library,28,More Than Just Books,51,5,6,0,140,false,false,0,9999,false,558,122.92626145020746,0.9066390041493776,37,20,30.2,High Impact – Improve,,
https://clearviewlibrary.org/services/technology,200,Technology Services | Clearview Library,39,Technology Services,141,5,7,0,138,false,false,0,9999,false,586,69.6563769111969,0.9208494208494209,40,20,32.0,High Impact – Improve,,
https://clearviewlibrary.org/services/technology/3d-printing,200,3D Printing | Clearview Library,31,3D Printing,616,8,6,0,152,false,false,0,9999,false,545,221.62958749872124,0.7186700767263428,55,20,41.0,High Impact – Improve,,
https://clearviewlibrary.org/about-us/learn-more/news/text-notifications,200,Text Notifications | Clearview Library,38,Text Notifications,536,6,6,0,148,true,false,0,9999,false,26,110.69458453846154,0.7692307692307693,52,20,39.2,Maintain,,
https://clearviewlibrary.org/services/other,200,Other Services | Clearview Library,34,Other Services,159,12,11,0,156,true,false,0,9999,false,162,78.97706462237763,0.8111888111888111,45,20,35.0,High Impact – Improve,,
https://clearviewlibrary.org/services/other/bookmobile,200,Bookmobile | Clearview Library,30,Bookmobile,267,9,7,0,151,true,false,0,9999,false,161,67.2695314965035,0.6923076923076923,45,20,35.0,High Impact – Improve,,
https://clearviewlibrary.org/services/other/lobby-stops,200,Lobby Stops | Clearview Library,31,Lobby Stops,128,7,6,0,151,false,false,0,9999,false,22,16.469161727272727,0.7272727272727273,40,20,32.0,Review / Consolidate,,
https://clearviewlibrary.org/services/other/tax-help,200,Tax Help | Clearview Library,28,Tax Help,133,6,6,0,151,false,false,0,9999,false,207,150.54761277070065,0.802547770700637,37,20,30.2,High Impact – Improve,,
https://clearviewlibrary.org/educator-card,200,Educator Card | Clearview Library,33,Educator Card,133,7,6,0,136,true,false,0,9999,false,32,116.46242171875,0.8125,45,20,35.0,Maintain,,
https://clearviewlibrary.org/about-us,200,About Us | Clearview Library,28,Something for everyone,550,8,35,1,188,false,false,0,9999,false,295,86.15836621611722,0.8498168498168498,44,20,34.4,High Impact – Improve,,
https://clearviewlibrary.org/about-us/learn-more,200,Learn More | Clearview Library,30,Learn More,298,11,6,0,156,true,false,0,9999,false,46,24.327210022222225,0.4888888888888889,45,20,35.0,High Impact – Improve,,
https://clearviewlibrary.org/about-us/learn-more/news,200,News | Clearview Library,24,News,319,6,18,0,163,false,true,0,11,false,246,77.67017512432433,0.6108108108108108,29,100,57.4,Maintain,,
https://clearviewlibrary.org/about-us/learn-more/policies,200,Policies | Clearview Library,28,Policies,2307,46,6,0,250,true,false,0,9999,false,242,154.41979184536083,0.845360824742268,52,20,39.2,High Impact – Improve,,
https://clearviewlibrary.org/about-us/learn-more/faqs,200,FAQs | Clearview Library,24,FAQs,892,22,6,0,152,true,false,0,9999,false,311,84.49085926132403,0.8710801393728222,57,20,42.2,High Impact – Improve,,
https://clearviewlibrary.org/about-us/learn-more/board-of-trustees,200,Board of Trustees | Clearview Library,37,Board of Trustees,1485,11,16,0,277,true,false,0,9999,false,565,191.16594360000002,0.8,60,20,44.0,High Impact – Improve,,
https://clearviewlibrary.org/about-us/learn-more/work-with-us,200,Work With Us | Clearview Library,32,Work With Us,232,11,6,0,148,true,false,0,9999,false,2141,99.86232029352972,0.7385586533403472,45,20,35.0,High Impact – Improve,,
https://clearviewlibrary.org/about-us/values-priorities,200,Values & Priorities | Clearview Library,39,Values & Priorities,210,8,6,0,148,true,false,0,9999,false,65,145.01422407936508,0.5396825396825397,45,20,35.0,High Impact – Improve,,
https://clearviewlibrary.org/about-us/values-priorities/our-impact,200,Our Impact | Clearview Library,30,Our Impact,406,10,7,0,150,false,false,0,9999,false,80,74.40343507042255,0.8450704225352113,47,20,36.2,High Impact – Improve,,
https://clearviewlibrary.org/about-us/values-priorities/financial-spending,200,Financial Spending | Clearview Library,38,Financial Spending,157,8,5,0,149,true,false,0,9999,false,71,128.98165568253967,0.6190476190476191,45,20,35.0,High Impact – Improve,,
https://clearviewlibrary.org/about-us/values-priorities/strategic-plan,200,Together Forward: 2024-2025 Strategic Plan | Clearview Library,62,Together Forward: 2024-2025 Strategic Plan,613,12,7,0,148,false,false,0,9999,false,78,118.9951823382353,0.7058823529411765,55,20,41.0,High Impact – Improve,,
https://clearviewlibrary.org/about-us/support-donate,200,Support & Donate | Clearview Library,36,Support & Donate,225,7,6,0,149,false,false,0,9999,false,23,7.6997362727272725,0.36363636363636365,40,20,32.0,Review / Consolidate,,
https://clearviewlibrary.org/about-us/support-donate/volunteer,200,Volunteer | Clearview Library,29,Volunteer,366,9,6,0,149,true,false,0,9999,false,187,107.42433692352942,0.8058823529411765,49,20,37.4,High Impact – Improve,,
https://clearviewlibrary.org/your-library-story,200,Your Library Story | Clearview Library,38,Let us know what the library means to you.,231,6,5,0,136,false,false,0,9999,false,13,119.59232676923078,0.8461538461538461,40,20,32.0,Review / Consolidate,,
https://clearviewlibrary.org/about-us/learn-more/news/art-library,200,Art in the Library | Clearview Library,38,Art in the Library,235,7,13,0,157,false,false,0,30,false,21,8.441252818181818,0.18181818181818182,40,100,64.0,Maintain,,
https://clearviewlibrary.org/about-us/learn-more/news/local-artists-featured-new-windsor-library-gallery-exhibit,200,Local Artists Featured in New Windsor Library Gallery Exhibit | Clearview Library,81,Local Artists Featured in New Windsor Library Gallery Exhibit,559,6,6,0,141,true,false,0,124,false,15,11.338854352941176,0.4117647058823529,49,100,69.4,Maintain,,
https://clearviewlibrary.org/about-us/learn-more/news/news,200,News | Clearview Library,24,News,314,7,18,0,167,false,true,0,11,false,70,111.69709891044775,0.6716417910447762,29,100,57.4,Maintain,,
https://clearviewlibrary.org/about-us/learn-more/news/request-proposal-auditor-services-2025,200,Request for Proposal for Auditor Services 2025 | Clearview Library,66,Request for Proposal for Auditor Services 2025,1459,6,6,0,141,true,false,0,136,false,11,151.858986,0.5833333333333334,57,100,74.2,Maintain,,
https://clearviewlibrary.org/about-us/learn-more/news/clearview-library-district-launches-new-asl-resource-through-mango,200,Clearview Library District Launches New ASL Resource Through Mango Languages | Clearview Library,96,Clearview Library District Launches New ASL Resource Through Mango Languages,508,6,6,0,142,true,false,0,145,false,10,18.1796835,0.5,49,100,69.4,Maintain,,
https://clearviewlibrary.org/about-us/learn-more/news/new-year-new-us-clearview-joins-marmot-library-network,200,"New Year, New Us: Clearview Joins the Marmot Library Network | Clearview Library",80,"New Year, New Us: Clearview Joins the Marmot Library Network",1215,14,6,0,142,true,false,0,11,false,1109,140.39019229275655,0.6217303822937625,57,100,74.2,Maintain,,
https://clearviewlibrary.org/about-us/learn-more/news/got-seeds-contribute-our-seed-bank-binder,200,Got Seeds? Contribute to our Seed Bank Binder! | Clearview Library,66,Got Seeds? Contribute to our Seed Bank Binder!,413,6,6,0,141,true,false,0,12,false,38,211.09272255263159,0.8157894736842105,49,100,69.4,Maintain,,
https://clearviewlibrary.org/about-us/learn-more/news/art-quiet-space-january-2026,200,Art in the Quiet Space - January 2026 | Clearview Library,57,Art in the Quiet Space - January 2026,514,6,6,0,141,true,false,0,30,false,17,92.40326486666666,0.7333333333333333,52,100,71.2,Maintain,,
https://clearviewlibrary.org/about-us/learn-more/news/request-proposal-construction-manager-general-contractor-cmgc-services,200,Request for Proposal for Construction Manager General Contractor (CMGC) Services | Clearview Library,100,Request for Proposal for Construction Manager General Contractor (CMGC) Services,379,7,6,0,141,true,false,0,41,false,48,149.85761835555556,0.6666666666666666,49,100,69.4,Maintain,,
https://clearviewlibrary.org/about-us/learn-more/news/junior-librarian-program-gives-kids-ages-6-12-behind-scenes-look-library,200,Junior Librarian Program Gives Kids Ages 6 to 12 a Behind the Scenes Look at Library Life | Clearview Library,109,Junior Librarian Program Gives Kids Ages 6 to 12 a Behind the Scenes Look at Library Life,593,6,6,0,141,true,false,0,83,false,79,83.48694106493507,0.7922077922077922,49,100,69.4,Maintain,,
https://clearviewlibrary.org/about-us/learn-more/news/severance-library-collecting-donations-annual-turkey-food-drive,200,Severance Library Collecting Donations for Annual Turkey Food Drive | Clearview Library,87,Severance Library Collecting Donations for Annual Turkey Food Drive,560,6,6,0,142,true,false,0,124,false,8,86.62219111111112,0.7777777777777778,49,100,69.4,Maintain,,
https://clearviewlibrary.org/services/technology/ask-a-tech,200,Ask A Tech | Clearview Library,30,Ask A Tech,174,7,6,0,139,true,false,0,9999,false,69,134.3239797142857,0.8571428571428571,45,20,35.0,High Impact – Improve,,
https://clearviewlibrary.org/website-accessibility,200,Website Accessibility | Clearview Library,41,Website Accessibility,152,6,5,0,136,false,false,0,9999,false,28,97.08015032142855,0.7857142857142857,40,20,32.0,Maintain,,
https://clearviewlibrary.org/about-us/learn-more/facilities-plan,403,Access denied | Clearview Library,33,,8,5,5,0,136,false,true,0,9999,false,37,18.90497142857143,0.45714285714285713,25,20,23.0,Maintain,,
https://clearviewlibrary.org/about-us/learn-more/news/database-spotlight,200,Database Spotlight | Clearview Library,38,Database Spotlight,183,7,11,0,153,false,false,0,145,false,6,1.4977313333333333,0,40,100,64.0,Maintain,,
https://clearviewlibrary.org/about-us/learn-more/news/clearview-library-now-offers-online-crafting-classes,200,Clearview Library Now Offers Online Crafting Classes | Clearview Library,72,Clearview Library Now Offers Online Crafting Classes,445,6,6,0,142,true,false,0,1433,false,13,168.33558633333334,0.4166666666666667,49,20,37.4,Review / Consolidate,,
https://clearviewlibrary.org/about-us/learn-more/news/5-ways-library-can-help-homework,200,5 Ways the Library Can Help with Homework | Clearview Library,61,5 Ways the Library Can Help with Homework,734,12,6,0,142,true,false,0,1482,false,13,233.4088003,0.6,60,20,44.0,Review / Consolidate,,
https://clearviewlibrary.org/about-us/learn-more/news/newspaperscom-gives-online-access-historical-papers,200,Newspapers.com Gives Online Access to Historical Papers | Clearview Library,75,Newspapers.com Gives Online Access to Historical Papers,581,6,6,0,142,true,false,0,2072,false,14,13.913890857142857,0.42857142857142855,49,20,37.4,Review / Consolidate,,
https://clearviewlibrary.org/adventure-pass,200,Adventure Pass | Clearview Library,34,Adventure Pass,848,17,16,0,160,true,true,0,9999,false,7,1.3805028571428573,0,45,20,35.0,Review / Consolidate,,
https://clearviewlibrary.org/borrow-research/research?field_resource_category_target_id=77,200,Research | Clearview Library,28,Learn Something New,742,16,16,0,147,false,true,0,9999,false,837,250.88100231824063,0.6882276843467011,37,20,30.2,High Impact – Improve,,
https://clearviewlibrary.org/borrow-research/research?field_resource_category_target_id=20,200,Research | Clearview Library,28,Learn Something New,163,7,7,0,138,false,true,0,9999,false,837,250.88100231824063,0.6882276843467011,22,20,21.2,High Impact – Improve,,
https://clearviewlibrary.org/borrow-research/research?field_resource_category_target_id=18,200,Research | Clearview Library,28,Learn Something New,289,10,10,0,141,false,true,0,9999,false,837,250.88100231824063,0.6882276843467011,22,20,21.2,High Impact – Improve,,
https://clearviewlibrary.org/borrow-research/research?field_resource_category_target_id=19,200,Research | Clearview Library,28,Learn Something New,167,8,8,0,139,false,true,0,9999,false,837,250.88100231824063,0.6882276843467011,22,20,21.2,High Impact – Improve,,
https://clearviewlibrary.org/borrow-research/research?field_resource_category_target_id=16,200,Research | Clearview Library,28,Learn Something New,466,13,13,0,146,false,true,0,9999,false,837,250.88100231824063,0.6882276843467011,29,20,25.4,High Impact – Improve,,
https://clearviewlibrary.org/borrow-research/research?field_resource_category_target_id=23,200,Research | Clearview Library,28,Learn Something New,371,11,11,0,143,false,true,0,9999,false,837,250.88100231824063,0.6882276843467011,29,20,25.4,High Impact – Improve,,
https://clearviewlibrary.org/borrow-research/research?field_resource_category_target_id=25,200,Research | Clearview Library,28,Learn Something New,408,13,13,0,145,false,true,0,9999,false,837,250.88100231824063,0.6882276843467011,29,20,25.4,High Impact – Improve,,
https://clearviewlibrary.org/borrow-research/research?field_resource_category_target_id=24,200,Research | Clearview Library,28,Learn Something New,197,8,8,0,139,false,true,0,9999,false,837,250.88100231824063,0.6882276843467011,22,20,21.2,High Impact – Improve,,
https://clearviewlibrary.org/borrow-research/research?field_resource_category_target_id=21,200,Research | Clearview Library,28,Learn Something New,786,19,19,0,155,false,true,0,9999,false,837,250.88100231824063,0.6882276843467011,37,20,30.2,High Impact – Improve,,
https://clearviewlibrary.org/borrow-research/research?field_resource_category_target_id=26,200,Research | Clearview Library,28,Learn Something New,375,10,10,0,141,false,true,0,9999,false,837,250.88100231824063,0.6882276843467011,29,20,25.4,High Impact – Improve,,
https://clearviewlibrary.org/borrow-research/research?field_resource_category_target_id=62,200,Research | Clearview Library,28,Learn Something New,147,8,8,0,140,false,true,0,9999,false,837,250.88100231824063,0.6882276843467011,22,20,21.2,High Impact – Improve,,
https://clearviewlibrary.org/borrow-research/research/general-research,200,General Research | Clearview Library,36,General Research,454,14,13,0,149,false,true,0,9999,false,30,241.71586018181821,0.36363636363636365,32,20,27.2,Maintain,,
https://clearviewlibrary.org/borrow-research/research/automotive,200,Automotive | Clearview Library,30,Automotive,150,8,7,0,141,false,true,0,9999,false,32,15.05043234375,0.125,25,20,23.0,Maintain,,
https://clearviewlibrary.org/borrow-research/research/health-science,200,Health & Science | Clearview Library,36,Health & Science,360,12,11,0,146,false,true,0,9999,false,14,0.7156321428571429,0,32,20,27.2,Review / Consolidate,,
https://clearviewlibrary.org/borrow-research/research/hobbies,200,Hobbies | Clearview Library,27,Hobbies,184,9,8,0,142,false,true,0,9999,false,11,5.232754272727273,0.2727272727272727,22,20,21.2,Review / Consolidate,,
https://clearviewlibrary.org/borrow-research/research/technology,200,Technology | Clearview Library,30,Technology,134,9,8,0,143,false,true,0,9999,false,35,37.68175288571429,0.5142857142857142,25,20,23.0,Maintain,,
https://clearviewlibrary.org/borrow-research/research/books-literature-0?field_resource_category_target_id=77,200,Books & Literature | Clearview Library,38,Books & Literature,36,6,5,0,139,false,true,0,9999,false,57,56.37924145283019,0.5471698113207547,25,20,23.0,High Impact – Improve,,
https://clearviewlibrary.org/borrow-research/research/books-literature-0?field_resource_category_target_id=20,200,Books & Literature | Clearview Library,38,Books & Literature,36,6,5,0,139,false,true,0,9999,false,57,56.37924145283019,0.5471698113207547,25,20,23.0,High Impact – Improve,,
https://clearviewlibrary.org/borrow-research/research/books-literature-0?field_resource_category_target_id=18,200,Books & Literature | Clearview Library,38,Books & Literature,278,11,10,0,144,false,true,0,9999,false,57,56.37924145283019,0.5471698113207547,25,20,23.0,High Impact – Improve,,
https://clearviewlibrary.org/borrow-research/research/books-literature-0?field_resource_category_target_id=19,200,Books & Literature | Clearview Library,38,Books & Literature,36,6,5,0,139,false,true,0,9999,false,57,56.37924145283019,0.5471698113207547,25,20,23.0,High Impact – Improve,,
https://clearviewlibrary.org/borrow-research/research/books-literature-0?field_resource_category_target_id=16,200,Books & Literature | Clearview Library,38,Books & Literature,36,6,5,0,139,false,true,0,9999,false,57,56.37924145283019,0.5471698113207547,25,20,23.0,High Impact – Improve,,
https://clearviewlibrary.org/borrow-research/research/books-literature-0?field_resource_category_target_id=23,200,Books & Literature | Clearview Library,38,Books & Literature,36,6,5,0,139,false,true,0,9999,false,57,56.37924145283019,0.5471698113207547,25,20,23.0,High Impact – Improve,,
https://clearviewlibrary.org/borrow-research/research/books-literature-0?field_resource_category_target_id=25,200,Books & Literature | Clearview Library,38,Books & Literature,36,6,5,0,139,false,true,0,9999,false,57,56.37924145283019,0.5471698113207547,25,20,23.0,High Impact – Improve,,
https://clearviewlibrary.org/borrow-research/research/books-literature-0?field_resource_category_target_id=24,200,Books & Literature | Clearview Library,38,Books & Literature,36,6,5,0,139,false,true,0,9999,false,57,56.37924145283019,0.5471698113207547,25,20,23.0,High Impact – Improve,,
https://clearviewlibrary.org/borrow-research/research/books-literature-0?field_resource_category_target_id=21,200,Books & Literature | Clearview Library,38,Books & Literature,36,6,5,0,139,false,true,0,9999,false,57,56.37924145283019,0.5471698113207547,25,20,23.0,High Impact – Improve,,
https://clearviewlibrary.org/borrow-research/research/books-literature-0?field_resource_category_target_id=26,200,Books & Literature | Clearview Library,38,Books & Literature,36,6,5,0,139,false,true,0,9999,false,57,56.37924145283019,0.5471698113207547,25,20,23.0,High Impact – Improve,,
https://clearviewlibrary.org/borrow-research/research/books-literature-0?field_resource_category_target_id=62,200,Books & Literature | Clearview Library,38,Books & Literature,36,6,5,0,139,false,true,0,9999,false,57,56.37924145283019,0.5471698113207547,25,20,23.0,High Impact – Improve,,
https://clearviewlibrary.org/borrow-research/research/business-legal-0?field_resource_category_target_id=77,200,Business & Legal | Clearview Library,36,Business & Legal,36,6,5,0,139,false,true,0,9999,false,41,52.666570261904766,0.38095238095238093,25,20,23.0,High Impact – Improve,,
https://clearviewlibrary.org/borrow-research/research/business-legal-0?field_resource_category_target_id=20,200,Business & Legal | Clearview Library,36,Business & Legal,36,6,5,0,139,false,true,0,9999,false,41,52.666570261904766,0.38095238095238093,25,20,23.0,High Impact – Improve,,
https://clearviewlibrary.org/borrow-research/research/business-legal-0?field_resource_category_target_id=18,200,Business & Legal | Clearview Library,36,Business & Legal,36,6,5,0,139,false,true,0,9999,false,41,52.666570261904766,0.38095238095238093,25,20,23.0,High Impact – Improve,,
https://clearviewlibrary.org/borrow-research/research/business-legal-0?field_resource_category_target_id=19,200,Business & Legal | Clearview Library,36,Business & Legal,156,9,8,0,142,false,true,0,9999,false,41,52.666570261904766,0.38095238095238093,25,20,23.0,High Impact – Improve,,
https://clearviewlibrary.org/borrow-research/research/business-legal-0?field_resource_category_target_id=16,200,Business & Legal | Clearview Library,36,Business & Legal,36,6,5,0,139,false,true,0,9999,false,41,52.666570261904766,0.38095238095238093,25,20,23.0,High Impact – Improve,,
https://clearviewlibrary.org/borrow-research/research/business-legal-0?field_resource_category_target_id=23,200,Business & Legal | Clearview Library,36,Business & Legal,36,6,5,0,139,false,true,0,9999,false,41,52.666570261904766,0.38095238095238093,25,20,23.0,High Impact – Improve,,
https://clearviewlibrary.org/borrow-research/research/business-legal-0?field_resource_category_target_id=25,200,Business & Legal | Clearview Library,36,Business & Legal,36,6,5,0,139,false,true,0,9999,false,41,52.666570261904766,0.38095238095238093,25,20,23.0,High Impact – Improve,,
https://clearviewlibrary.org/borrow-research/research/business-legal-0?field_resource_category_target_id=24,200,Business & Legal | Clearview Library,36,Business & Legal,36,6,5,0,139,false,true,0,9999,false,41,52.666570261904766,0.38095238095238093,25,20,23.0,High Impact – Improve,,
https://clearviewlibrary.org/borrow-research/research/business-legal-0?field_resource_category_target_id=21,200,Business & Legal | Clearview Library,36,Business & Legal,36,6,5,0,139,false,true,0,9999,false,41,52.666570261904766,0.38095238095238093,25,20,23.0,High Impact – Improve,,
https://clearviewlibrary.org/borrow-research/research/business-legal-0?field_resource_category_target_id=26,200,Business & Legal | Clearview Library,36,Business & Legal,36,6,5,0,139,false,true,0,9999,false,41,52.666570261904766,0.38095238095238093,25,20,23.0,High Impact – Improve,,
https://clearviewlibrary.org/borrow-research/research/business-legal-0?field_resource_category_target_id=62,200,Business & Legal | Clearview Library,36,Business & Legal,36,6,5,0,139,false,true,0,9999,false,41,52.666570261904766,0.38095238095238093,25,20,23.0,High Impact – Improve,,
https://clearviewlibrary.org/borrow-research/research/history-genealogy?field_resource_category_target_id=77,200,History & Genealogy | Clearview Library,39,History & Genealogy,36,6,5,0,139,false,true,0,9999,false,107,161.21078501818184,0.6181818181818182,25,20,23.0,High Impact – Improve,,
https://clearviewlibrary.org/borrow-research/research/history-genealogy?field_resource_category_target_id=20,200,History & Genealogy | Clearview Library,39,History & Genealogy,36,6,5,0,139,false,true,0,9999,false,107,161.21078501818184,0.6181818181818182,25,20,23.0,High Impact – Improve,,
https://clearviewlibrary.org/borrow-research/research/history-genealogy?field_resource_category_target_id=18,200,History & Genealogy | Clearview Library,39,History & Genealogy,36,6,5,0,139,false,true,0,9999,false,107,161.21078501818184,0.6181818181818182,25,20,23.0,High Impact – Improve,,
https://clearviewlibrary.org/borrow-research/research/history-genealogy?field_resource_category_target_id=19,200,History & Genealogy | Clearview Library,39,History & Genealogy,36,6,5,0,139,false,true,0,9999,false,107,161.21078501818184,0.6181818181818182,25,20,23.0,High Impact – Improve,,
https://clearviewlibrary.org/borrow-research/research/history-genealogy?field_resource_category_target_id=16,200,History & Genealogy | Clearview Library,39,History & Genealogy,85,7,6,0,141,false,true,0,9999,false,107,161.21078501818184,0.6181818181818182,25,20,23.0,High Impact – Improve,,
https://clearviewlibrary.org/borrow-research/research/history-genealogy?field_resource_category_target_id=23,200,History & Genealogy | Clearview Library,39,History & Genealogy,36,6,5,0,139,false,true,0,9999,false,107,161.21078501818184,0.6181818181818182,25,20,23.0,High Impact – Improve,,
https://clearviewlibrary.org/borrow-research/research/history-genealogy?field_resource_category_target_id=25,200,History & Genealogy | Clearview Library,39,History & Genealogy,397,14,13,0,148,false,true,0,9999,false,107,161.21078501818184,0.6181818181818182,32,20,27.2,High Impact – Improve,,
https://clearviewlibrary.org/borrow-research/research/history-genealogy?field_resource_category_target_id=24,200,History & Genealogy | Clearview Library,39,History & Genealogy,36,6,5,0,139,false,true,0,9999,false,107,161.21078501818184,0.6181818181818182,25,20,23.0,High Impact – Improve,,
https://clearviewlibrary.org/borrow-research/research/history-genealogy?field_resource_category_target_id=21,200,History & Genealogy | Clearview Library,39,History & Genealogy,36,6,5,0,139,false,true,0,9999,false,107,161.21078501818184,0.6181818181818182,25,20,23.0,High Impact – Improve,,
https://clearviewlibrary.org/borrow-research/research/history-genealogy?field_resource_category_target_id=26,200,History & Genealogy | Clearview Library,39,History & Genealogy,36,6,5,0,139,false,true,0,9999,false,107,161.21078501818184,0.6181818181818182,25,20,23.0,High Impact – Improve,,
https://clearviewlibrary.org/borrow-research/research/history-genealogy?field_resource_category_target_id=62,200,History & Genealogy | Clearview Library,39,History & Genealogy,36,6,5,0,139,false,true,0,9999,false,107,161.21078501818184,0.6181818181818182,25,20,23.0,High Impact – Improve,,
https://clearviewlibrary.org/borrow-research/research/homework-online-learning-0?field_resource_category_target_id=77,200,Homework & Online Learning | Clearview Library,46,Homework & Online Learning,37,6,5,0,139,false,true,0,9999,false,92,54.68488867032967,0.43956043956043955,25,20,23.0,High Impact – Improve,,
https://clearviewlibrary.org/borrow-research/research/homework-online-learning-0?field_resource_category_target_id=20,200,Homework & Online Learning | Clearview Library,46,Homework & Online Learning,37,6,5,0,139,false,true,0,9999,false,92,54.68488867032967,0.43956043956043955,25,20,23.0,High Impact – Improve,,
https://clearviewlibrary.org/borrow-research/research/homework-online-learning-0?field_resource_category_target_id=18,200,Homework & Online Learning | Clearview Library,46,Homework & Online Learning,37,6,5,0,139,false,true,0,9999,false,92,54.68488867032967,0.43956043956043955,25,20,23.0,High Impact – Improve,,
https://clearviewlibrary.org/borrow-research/research/homework-online-learning-0?field_resource_category_target_id=19,200,Homework & Online Learning | Clearview Library,46,Homework & Online Learning,37,6,5,0,139,false,true,0,9999,false,92,54.68488867032967,0.43956043956043955,25,20,23.0,High Impact – Improve,,
https://clearviewlibrary.org/borrow-research/research/homework-online-learning-0?field_resource_category_target_id=16,200,Homework & Online Learning | Clearview Library,46,Homework & Online Learning,90,7,6,0,141,false,true,0,9999,false,92,54.68488867032967,0.43956043956043955,25,20,23.0,High Impact – Improve,,
https://clearviewlibrary.org/borrow-research/research/homework-online-learning-0?field_resource_category_target_id=23,200,Homework & Online Learning | Clearview Library,46,Homework & Online Learning,115,7,6,0,141,false,true,0,9999,false,92,54.68488867032967,0.43956043956043955,25,20,23.0,High Impact – Improve,,
https://clearviewlibrary.org/borrow-research/research/homework-online-learning-0?field_resource_category_target_id=25,200,Homework & Online Learning | Clearview Library,46,Homework & Online Learning,37,6,5,0,139,false,true,0,9999,false,92,54.68488867032967,0.43956043956043955,25,20,23.0,High Impact – Improve,,
https://clearviewlibrary.org/borrow-research/research/homework-online-learning-0?field_resource_category_target_id=24,200,Homework & Online Learning | Clearview Library,46,Homework & Online Learning,37,6,5,0,139,false,true,0,9999,false,92,54.68488867032967,0.43956043956043955,25,20,23.0,High Impact – Improve,,
https://clearviewlibrary.org/borrow-research/research/homework-online-learning-0?field_resource_category_target_id=21,200,Homework & Online Learning | Clearview Library,46,Homework & Online Learning,776,20,19,0,158,false,true,0,9999,false,92,54.68488867032967,0.43956043956043955,40,20,32.0,High Impact – Improve,,
https://clearviewlibrary.org/borrow-research/research/homework-online-learning-0?field_resource_category_target_id=26,200,Homework & Online Learning | Clearview Library,46,Homework & Online Learning,37,6,5,0,139,false,true,0,9999,false,92,54.68488867032967,0.43956043956043955,25,20,23.0,High Impact – Improve,,
https://clearviewlibrary.org/borrow-research/research/homework-online-learning-0?field_resource_category_target_id=62,200,Homework & Online Learning | Clearview Library,46,Homework & Online Learning,75,7,6,0,141,false,true,0,9999,false,92,54.68488867032967,0.43956043956043955,25,20,23.0,High Impact – Improve,,
https://clearviewlibrary.org/borrow-research/research/news-current-events?field_resource_category_target_id=77,200,News & Current Events | Clearview Library,41,News & Current Events,37,6,5,0,139,false,true,0,9999,false,240,47.810354716157214,0.8820960698689956,25,20,23.0,High Impact – Improve,,
https://clearviewlibrary.org/borrow-research/research/news-current-events?field_resource_category_target_id=20,200,News & Current Events | Clearview Library,41,News & Current Events,37,6,5,0,139,false,true,0,9999,false,240,47.810354716157214,0.8820960698689956,25,20,23.0,High Impact – Improve,,
https://clearviewlibrary.org/borrow-research/research/news-current-events?field_resource_category_target_id=18,200,News & Current Events | Clearview Library,41,News & Current Events,37,6,5,0,139,false,true,0,9999,false,240,47.810354716157214,0.8820960698689956,25,20,23.0,High Impact – Improve,,
https://clearviewlibrary.org/borrow-research/research/news-current-events?field_resource_category_target_id=19,200,News & Current Events | Clearview Library,41,News & Current Events,37,6,5,0,139,false,true,0,9999,false,240,47.810354716157214,0.8820960698689956,25,20,23.0,High Impact – Improve,,
https://clearviewlibrary.org/borrow-research/research/news-current-events?field_resource_category_target_id=16,200,News & Current Events | Clearview Library,41,News & Current Events,37,6,5,0,139,false,true,0,9999,false,240,47.810354716157214,0.8820960698689956,25,20,23.0,High Impact – Improve,,
https://clearviewlibrary.org/borrow-research/research/news-current-events?field_resource_category_target_id=23,200,News & Current Events | Clearview Library,41,News & Current Events,37,6,5,0,139,false,true,0,9999,false,240,47.810354716157214,0.8820960698689956,25,20,23.0,High Impact – Improve,,
https://clearviewlibrary.org/borrow-research/research/news-current-events?field_resource_category_target_id=25,200,News & Current Events | Clearview Library,41,News & Current Events,37,6,5,0,139,false,true,0,9999,false,240,47.810354716157214,0.8820960698689956,25,20,23.0,High Impact – Improve,,
https://clearviewlibrary.org/borrow-research/research/news-current-events?field_resource_category_target_id=24,200,News & Current Events | Clearview Library,41,News & Current Events,37,6,5,0,139,false,true,0,9999,false,240,47.810354716157214,0.8820960698689956,25,20,23.0,High Impact – Improve,,
https://clearviewlibrary.org/borrow-research/research/news-current-events?field_resource_category_target_id=21,200,News & Current Events | Clearview Library,41,News & Current Events,37,6,5,0,139,false,true,0,9999,false,240,47.810354716157214,0.8820960698689956,25,20,23.0,High Impact – Improve,,
https://clearviewlibrary.org/borrow-research/research/news-current-events?field_resource_category_target_id=26,200,News & Current Events | Clearview Library,41,News & Current Events,365,11,10,0,144,false,true,0,9999,false,240,47.810354716157214,0.8820960698689956,32,20,27.2,High Impact – Improve,,
https://clearviewlibrary.org/borrow-research/research/news-current-events?field_resource_category_target_id=62,200,News & Current Events | Clearview Library,41,News & Current Events,37,6,5,0,139,false,true,0,9999,false,240,47.810354716157214,0.8820960698689956,25,20,23.0,High Impact – Improve,,
https://clearviewlibrary.org/about-us/learn-more/policies-faqs/meeting-room-policy,200,Meeting Room Policy | Clearview Library,39,Meeting Room Policy,578,7,5,0,148,true,false,0,9999,false,67,151.56466421428573,0.8285714285714286,52,20,39.2,High Impact – Improve,,
https://clearviewlibrary.org/about-us/learn-more/news/signup,200,Newsletter Signup | Clearview Library,37,Newsletter Signup,0,6,5,0,148,false,false,0,9999,false,16,62.658310294117655,0.47058823529411764,40,20,32.0,Review / Consolidate,,
https://clearviewlibrary.org/cookbook-nook,200,Cookbook Nook | Clearview Library,33,Cookbook Nook,356,7,18,0,164,false,true,0,299,false,32,11.03227284375,0.34375,32,100,59.2,Maintain,,
https://clearviewlibrary.org/100-books-before-graduation,200,100 Books Before Graduation | Clearview Library,47,,129,6,6,0,136,false,false,0,9999,false,26,176.9297118,0.64,40,20,32.0,Maintain,,
https://clearviewlibrary.org/junior-librarian,200,Junior Librarian | Clearview Library,36,,231,7,6,0,136,false,false,0,9999,false,77,113.46564751999999,0.6133333333333333,40,20,32.0,High Impact – Improve,,
https://clearviewlibrary.org/about-us/learn-more/policies-faqs/unattended-children-and-behavior-policy,200,Unattended Children and Behavior Policy | Clearview Library,59,Unattended Children and Behavior Policy,483,6,5,0,148,true,false,0,9999,false,12,30.04486742857143,0.5714285714285714,52,20,39.2,Review / Consolidate,,
https://clearviewlibrary.org/programs-events/just-for-kids/1kbk-signup,200,1000 Books Before Kindergarten Signup | Clearview Library,57,,181,6,6,0,145,false,false,0,9999,false,25,22.94000330434783,0.5217391304347826,40,20,32.0,Review / Consolidate,,
https://clearviewlibrary.org/about-us/learn-more/news/staff-spotlight-our-bookmobile,404,Page not found | Clearview Library,34,,7,5,5,0,136,false,false,0,9999,false,13,200.64058854545456,0.7272727272727273,40,20,32.0,Review / Consolidate,,
https://clearviewlibrary.org/borrow-research/research/all-databases,200,All Databases | Clearview Library,33,All Databases,0,6,5,0,149,false,false,0,9999,false,5,54.056372599999996,0.2,40,20,32.0,Review / Consolidate,,
https://clearviewlibrary.org/about-us/learn-more/news/join-film-conversation-and-community-connections,200,"Join In: Film, Conversation, and Community Connections | Clearview Library",74,"Join In: Film, Conversation, and Community Connections",805,6,8,0,141,true,false,0,151,false,8,107.20109490909091,0.45454545454545453,57,100,74.2,Maintain,,
https://clearviewlibrary.org/about-us/learn-more/news/request-proposal-organizational-structure-effectiveness-study,200,Request for Proposal for Organizational Structure & Effectiveness Study | Clearview Library,91,Request for Proposal for Organizational Structure & Effectiveness Study,725,7,6,0,141,true,false,0,159,false,26,181.9741501,0.7,57,100,74.2,Maintain,,
https://clearviewlibrary.org/about-us/learn-more/news/art-library-july-2025,200,Art in the Library - July 2025 | Clearview Library,50,Art in the Library - July 2025,480,6,6,0,141,true,false,0,230,false,7,11.320570428571429,0.2857142857142857,52,100,71.2,Maintain,,
https://clearviewlibrary.org/about-us/learn-more/news?page=0,200,News | Clearview Library,24,News,319,6,18,0,163,false,true,0,11,false,246,77.67017512432433,0.6108108108108108,29,100,57.4,Maintain,,
https://clearviewlibrary.org/about-us/learn-more/news?page=1,200,News | Clearview Library,24,News,349,6,18,0,163,false,true,0,11,false,246,77.67017512432433,0.6108108108108108,29,100,57.4,Maintain,,
https://clearviewlibrary.org/about-us/learn-more/news?page=2,200,News | Clearview Library,24,News,322,6,18,0,163,false,true,0,11,false,246,77.67017512432433,0.6108108108108108,29,100,57.4,Maintain,,
https://clearviewlibrary.org/about-us/learn-more/news?page=3,200,News | Clearview Library,24,News,328,6,18,0,163,false,true,0,11,false,246,77.67017512432433,0.6108108108108108,29,100,57.4,Maintain,,
https://clearviewlibrary.org/about-us/learn-more/news?page=4,200,News | Clearview Library,24,News,336,6,18,0,163,false,true,0,11,false,246,77.67017512432433,0.6108108108108108,29,100,57.4,Maintain,,
https://clearviewlibrary.org/about-us/learn-more/news?page=5,200,News | Clearview Library,24,News,257,6,14,0,157,false,true,0,11,false,246,77.67017512432433,0.6108108108108108,22,100,53.2,Maintain,,
https://clearviewlibrary.org/about-us/learn-more/policies-faqs/bookmobile-policy,200,Bookmobile Policy | Clearview Library,37,Bookmobile Policy,384,12,5,0,148,true,false,0,9999,false,17,84.35507785000001,0.5,52,20,39.2,Review / Consolidate,,
https://clearviewlibrary.org/about-us/learn-more/policies-faqs/budget-policy,200,Budget Policy | Clearview Library,33,Budget Policy,425,12,5,0,148,true,false,0,9999,false,14,27.345551909090908,0.7272727272727273,52,20,39.2,Review / Consolidate,,
https://clearviewlibrary.org/about-us/learn-more/policies-faqs/check-out-policy,200,Check Out Policy | Clearview Library,36,Check Out Policy,294,6,5,0,148,true,true,0,9999,false,75,153.10554075000002,0.84375,30,20,26.0,High Impact – Improve,,
https://clearviewlibrary.org/about-us/learn-more/policies-faqs/co-location-library-facilities-policy,200,Co-Location of Library Facilities Policy | Clearview Library,60,Co-Location of Library Facilities Policy,450,7,5,0,148,true,false,0,9999,false,10,104.8375276,0.4,52,20,39.2,Review / Consolidate,,
https://clearviewlibrary.org/about-us/learn-more/policies-faqs/collection-development-policy,200,Collection Development Policy | Clearview Library,49,Collection Development Policy,831,15,5,0,148,true,false,0,9999,false,33,263.55921033333334,0.75,60,20,44.0,Maintain,,
https://clearviewlibrary.org/about-us/learn-more/policies-faqs/comments-complaints-and-concerns-policy,200,"Comments, Complaints, and Concerns Policy | Clearview Library",61,"Comments, Complaints, and Concerns Policy",602,10,5,0,148,true,false,0,9999,false,6,12.998545666666667,0.8333333333333334,60,20,44.0,Review / Consolidate,,
https://clearviewlibrary.org/about-us/learn-more/policies-faqs/conduct-library-policy,200,Conduct in the Library Policy | Clearview Library,49,Conduct in the Library Policy,804,8,5,0,148,true,false,0,9999,false,20,140.66649657142858,0.7142857142857143,60,20,44.0,Review / Consolidate,,
https://clearviewlibrary.org/about-us/learn-more/policies-faqs/copyright-policy,200,Copyright Policy | Clearview Library,36,Copyright Policy,147,6,5,0,148,true,false,0,9999,false,1,46.183128,1,45,20,35.0,Review / Consolidate,,
https://clearviewlibrary.org/about-us/learn-more/policies-faqs/emergency-closings-policy,200,Emergency Closings Policy | Clearview Library,45,Emergency Closings Policy,112,6,5,0,148,true,false,0,9999,false,3,3.9788026666666667,0.3333333333333333,45,20,35.0,Review / Consolidate,,
https://clearviewlibrary.org/about-us/learn-more/policies-faqs/facilities-policy,200,Facilities Policy | Clearview Library,37,Facilities Policy,660,7,5,0,148,true,false,0,9999,false,8,6.047497625,0.5,60,20,44.0,Review / Consolidate,,
https://clearviewlibrary.org/about-us/learn-more/policies-faqs/federal-immigration-authority-contact-policy,200,Federal Immigration Authority Contact Policy | Clearview Library,64,Federal Immigration Authority Contact Policy,1558,8,5,0,148,true,false,0,9999,false,17,323.1996435833333,0.9166666666666666,60,20,44.0,Review / Consolidate,,
https://clearviewlibrary.org/about-us/learn-more/policies-faqs/financial-policies,200,Financial Policies | Clearview Library,38,Financial Policies,526,8,5,0,148,true,false,0,9999,false,15,93.30310907692306,0.7692307692307693,52,20,39.2,Review / Consolidate,,
https://clearviewlibrary.org/about-us/learn-more/policies-faqs/interlibrary-loan-policy,200,Interlibrary Loan Policy | Clearview Library,44,Interlibrary Loan Policy,87,6,5,0,148,true,false,0,9999,false,7,25.465554,0.8,45,20,35.0,Review / Consolidate,,
https://clearviewlibrary.org/about-us/learn-more/policies-faqs/internet-safety-and-acceptable-use-policy,200,Internet Safety and Acceptable Use Policy | Clearview Library,61,Internet Safety and Acceptable Use Policy,867,8,5,0,148,true,false,0,9999,false,8,60.17771745454545,0.6363636363636364,60,20,44.0,Review / Consolidate,,
https://clearviewlibrary.org/about-us/learn-more/policies-faqs/investment-policy,200,Investment Policy | Clearview Library,37,Investment Policy,1216,17,5,0,148,true,false,0,9999,false,3,10.308676666666665,0.6666666666666666,60,20,44.0,Review / Consolidate,,
https://clearviewlibrary.org/about-us/learn-more/policies-faqs/material-donation-policy,200,Material Donation Policy | Clearview Library,44,Material Donation Policy,328,14,5,0,148,true,false,0,9999,false,26,50.809002375,0.8333333333333334,52,20,39.2,Maintain,,
https://clearviewlibrary.org/about-us/learn-more/policies-faqs/naming-rights-policy,200,Naming Rights Policy | Clearview Library,40,Naming Rights Policy,1107,12,5,0,148,true,false,0,9999,false,2,30.1061705,1,60,20,44.0,Review / Consolidate,,
https://clearviewlibrary.org/about-us/learn-more/policies-faqs/open-records-policy,200,Open Records Policy | Clearview Library,39,Open Records Policy,96,6,5,0,149,true,false,0,9999,false,9,37.10979483333333,1,45,20,35.0,Review / Consolidate,,
https://clearviewlibrary.org/about-us/learn-more/policies-faqs/photography-videography-and-recording-policy,200,"Photography, Videography, and Recording Policy | Clearview Library",66,"Photography, Videography, and Recording Policy",760,9,5,0,148,true,false,0,9999,false,4,74.62991416666667,0.3333333333333333,57,20,42.2,Review / Consolidate,,
https://clearviewlibrary.org/about-us/learn-more/policies-faqs/postings-promotional-materials-displays-and-exhibits-policy,200,"Postings, Promotional Materials, Displays, and Exhibits Policy | Clearview Library",82,"Postings, Promotional Materials, Displays, and Exhibits Policy",242,7,5,0,148,true,false,0,9999,false,18,182.036782,0.6,42,20,33.2,Review / Consolidate,,
https://clearviewlibrary.org/about-us/learn-more/policies-faqs/privacy-user-records-policy,200,Privacy of User Records Policy | Clearview Library,50,Privacy of User Records Policy,1101,8,5,0,148,true,false,0,9999,false,9,69.5526191,0.7,60,20,44.0,Review / Consolidate,,
https://clearviewlibrary.org/about-us/learn-more/policies-faqs/procurement-policy,200,Procurement Policy | Clearview Library,38,Procurement Policy,958,11,5,0,148,true,false,0,9999,false,58,140.4395468235294,0.4411764705882353,60,20,44.0,High Impact – Improve,,
https://clearviewlibrary.org/about-us/learn-more/policies-faqs/program-policy,200,Program Policy | Clearview Library,34,Program Policy,1138,15,5,0,148,true,false,0,9999,false,25,86.37060151851853,0.5555555555555556,60,20,44.0,Review / Consolidate,,
https://clearviewlibrary.org/about-us/learn-more/policies-faqs/provision-library-services-policy,200,Provision of Library Services Policy | Clearview Library,56,Provision of Library Services Policy,192,7,5,0,148,true,false,0,9999,false,1,5.215402,0,45,20,35.0,Review / Consolidate,,
https://clearviewlibrary.org/about-us/learn-more/policies-faqs/public-art-policy,200,Public Art Policy | Clearview Library,37,Public Art Policy,103,6,5,0,148,true,false,0,9999,false,21,51.194301952380954,0.2857142857142857,45,20,35.0,Review / Consolidate,,
https://clearviewlibrary.org/about-us/learn-more/policies-faqs/public-comment-policy,200,Public Comment Policy | Clearview Library,41,Public Comment Policy,487,9,5,0,148,true,false,0,9999,false,0,0,0,52,20,39.2,Review / Consolidate,,
https://clearviewlibrary.org/about-us/learn-more/policies-faqs/records-retention-policy,200,Records Retention Policy | Clearview Library,44,Records Retention Policy,255,8,5,0,148,true,false,0,9999,false,3,60.65827566666667,0.6666666666666666,45,20,35.0,Review / Consolidate,,
https://clearviewlibrary.org/about-us/learn-more/policies-faqs/request-for-reconsideration-policy,200,Request for Reconsideration Policy | Clearview Library,54,Request for Reconsideration Policy,338,6,5,0,148,true,false,0,9999,false,10,79.92695163636364,0.8181818181818182,52,20,39.2,Review / Consolidate,,
https://clearviewlibrary.org/about-us/learn-more/policies-faqs/request-public-records,200,Request Public Records | Clearview Library,42,Request Public Records,530,9,5,0,148,true,true,0,9999,false,30,161.63498308333334,0.7083333333333334,37,20,30.2,Maintain,,
https://clearviewlibrary.org/about-us/learn-more/policies-faqs/social-media-policy,200,Social Media Policy | Clearview Library,39,Social Media Policy,395,7,5,0,148,true,false,0,9999,false,6,4.429233571428571,0.5714285714285714,52,20,39.2,Review / Consolidate,,
https://clearviewlibrary.org/about-us/learn-more/policies-faqs/solicitation-and-petitioning-policy,200,Solicitation and Petitioning Policy | Clearview Library,55,Solicitation and Petitioning Policy,326,6,5,0,149,true,false,0,9999,false,3,1.6922436666666665,0,52,20,39.2,Review / Consolidate,,
https://clearviewlibrary.org/about-us/learn-more/policies-faqs/teen-spaces-policy,200,Teen Spaces Policy | Clearview Library,38,Teen Spaces Policy,428,7,5,0,148,true,false,0,9999,false,6,216.96547283333334,0.8333333333333334,52,20,39.2,Review / Consolidate,,
https://clearviewlibrary.org/about-us/support-donate/volunteer/teens,200,Teen Volunteer Application Form | Clearview Library,51,Teen Volunteer Application Form,83,8,6,0,152,false,false,0,9999,false,107,168.47096152747253,0.6593406593406593,40,20,32.0,High Impact – Improve,,
https://clearviewlibrary.org/form/youth-services-volunteer,200,Youth Services Volunteer Application | Clearview Library,56,,144,6,5,0,136,false,false,0,9999,false,24,139.60590239130434,0.6956521739130435,40,20,32.0,Review / Consolidate,,
https://clearviewlibrary.org/about-us/learn-more/news/art-library-winter-edition,200,Art in the Library - Winter Edition! | Clearview Library,56,Art in the Library - Winter Edition!,425,6,8,0,141,true,false,0,430,false,1,13.334124,1,52,70,59.2,Maintain,,
https://clearviewlibrary.org/about-us/learn-more/news/art-library-may-july-2024,200,Art in the Library! May - July 2024 | Clearview Library,55,Art in the Library! May - July 2024,450,6,8,0,141,true,false,0,624,false,0,0,0,52,70,59.2,Maintain,,
https://clearviewlibrary.org/about-us/learn-more/news/art-library-march-may-2024,200,Art in the Library! March - May 2024 | Clearview Library,56,Art in the Library! March -  May 2024,444,6,8,0,141,true,false,0,671,false,0,0,0,52,70,59.2,Maintain,,
https://clearviewlibrary.org/about-us/learn-more/news/art-in-the-library-January-March-2024,200,Art in the Library! January - March 2024 | Clearview Library,60,Art in the Library! January - March 2024,482,6,8,0,141,true,false,0,742,false,1,10.544994,1,52,40,47.2,Review / Consolidate,,
https://clearviewlibrary.org/about-us/learn-more/news/art-in-the-library,200,Art in the Library! | Clearview Library,39,Art in the Library!,481,6,6,0,141,true,false,0,795,false,4,3.59328075,0,52,40,47.2,Review / Consolidate,,
https://clearviewlibrary.org/about-us/learn-more/news/clearview-library-district-announces-summer-adventure-program-color-our,200,Clearview Library District announces summer adventure program: Color Our World | Clearview Library,98,Clearview Library District announces summer adventure program: Color Our World,551,6,6,0,141,true,false,0,271,false,8,20.56191,0.375,49,100,69.4,Maintain,,
https://clearviewlibrary.org/about-us/learn-more/news/young-writers-big-impact-katherine-applegate-launches-national-writing,200,"Young Writers, Big Impact: Katherine Applegate Launches National Writing Contest for Kids Ages 8 to 12 | Clearview Library",122,"Young Writers, Big Impact: Katherine Applegate Launches National Writing Contest for Kids Ages 8 to 12",716,6,6,0,141,true,false,0,300,false,7,127.342882125,0.25,57,100,74.2,Maintain,,
https://clearviewlibrary.org/about-us/learn-more/news/reserve-meeting-rooms-after-hours-severance-library,200,Reserve Meeting Rooms After-Hours at Severance Library | Clearview Library,74,Reserve Meeting Rooms After-Hours at Severance Library,406,6,6,0,141,true,false,0,322,false,5,165.202186,0.8,49,100,69.4,Maintain,,
https://clearviewlibrary.org/about-us/learn-more/news/news?page=0,200,News | Clearview Library,24,News,314,7,18,0,167,false,true,0,11,false,70,111.69709891044775,0.6716417910447762,29,100,57.4,Maintain,,
https://clearviewlibrary.org/about-us/learn-more/news/news?page=1,200,News | Clearview Library,24,News,294,7,18,0,167,false,true,0,11,false,70,111.69709891044775,0.6716417910447762,22,100,53.2,Maintain,,
https://clearviewlibrary.org/about-us/learn-more/news/news?page=2,200,News | Clearview Library,24,News,208,7,11,0,155,false,true,0,11,false,70,111.69709891044775,0.6716417910447762,22,100,53.2,Maintain,,
https://clearviewlibrary.org/about-us/learn-more/news/community,200,Community | Clearview Library,29,Community,130,7,6,0,143,false,false,0,124,false,0,0,0,37,100,62.2,Maintain,,
https://clearviewlibrary.org/about-us/learn-more/news/try-mango-languages-asl-course-your-library-needs-your-help,200,Try Mango Languages’ ASL Course – Your Library Needs Your Help! | Clearview Library,83,Try Mango Languages’ ASL Course – Your Library Needs Your Help!,425,6,6,0,141,true,false,0,319,false,5,11.1339998,0.2,49,100,69.4,Maintain,,
https://clearviewlibrary.org/about-us/learn-more/news/clearview-library-adds-genealogy-databases,200,Clearview Library Adds Genealogy Databases | Clearview Library,62,Clearview Library Adds Genealogy Databases,446,6,6,0,142,true,false,0,2107,false,3,160.6887495,1,52,20,39.2,Review / Consolidate,,
https://clearviewlibrary.org/borrow-research/research?field_resource_category_target_id=All,200,Research | Clearview Library,28,Learn Something New,3423,69,69,0,206,false,true,0,9999,false,837,250.88100231824063,0.6882276843467011,32,20,27.2,High Impact – Improve,,
https://clearviewlibrary.org/borrow-research/research/general-research?field_resource_category_target_id=77,200,General Research | Clearview Library,36,General Research,35,6,5,0,139,false,true,0,9999,false,30,241.71586018181821,0.36363636363636365,25,20,23.0,Maintain,,
https://clearviewlibrary.org/borrow-research/research/general-research?field_resource_category_target_id=20,200,General Research | Clearview Library,36,General Research,35,6,5,0,139,false,true,0,9999,false,30,241.71586018181821,0.36363636363636365,25,20,23.0,Maintain,,
https://clearviewlibrary.org/borrow-research/research/general-research?field_resource_category_target_id=18,200,General Research | Clearview Library,36,General Research,35,6,5,0,139,false,true,0,9999,false,30,241.71586018181821,0.36363636363636365,25,20,23.0,Maintain,,
https://clearviewlibrary.org/borrow-research/research/general-research?field_resource_category_target_id=19,200,General Research | Clearview Library,36,General Research,35,6,5,0,139,false,true,0,9999,false,30,241.71586018181821,0.36363636363636365,25,20,23.0,Maintain,,
https://clearviewlibrary.org/borrow-research/research/general-research?field_resource_category_target_id=16,200,General Research | Clearview Library,36,General Research,454,14,13,0,149,false,true,0,9999,false,30,241.71586018181821,0.36363636363636365,32,20,27.2,Maintain,,
https://clearviewlibrary.org/borrow-research/research/general-research?field_resource_category_target_id=23,200,General Research | Clearview Library,36,General Research,35,6,5,0,139,false,true,0,9999,false,30,241.71586018181821,0.36363636363636365,25,20,23.0,Maintain,,
https://clearviewlibrary.org/borrow-research/research/general-research?field_resource_category_target_id=25,200,General Research | Clearview Library,36,General Research,84,7,6,0,141,false,true,0,9999,false,30,241.71586018181821,0.36363636363636365,25,20,23.0,Maintain,,
https://clearviewlibrary.org/borrow-research/research/general-research?field_resource_category_target_id=24,200,General Research | Clearview Library,36,General Research,35,6,5,0,139,false,true,0,9999,false,30,241.71586018181821,0.36363636363636365,25,20,23.0,Maintain,,
https://clearviewlibrary.org/borrow-research/research/general-research?field_resource_category_target_id=21,200,General Research | Clearview Library,36,General Research,88,7,6,0,141,false,true,0,9999,false,30,241.71586018181821,0.36363636363636365,25,20,23.0,Maintain,,
https://clearviewlibrary.org/borrow-research/research/general-research?field_resource_category_target_id=26,200,General Research | Clearview Library,36,General Research,35,6,5,0,139,false,true,0,9999,false,30,241.71586018181821,0.36363636363636365,25,20,23.0,Maintain,,
https://clearviewlibrary.org/borrow-research/research/general-research?field_resource_category_target_id=62,200,General Research | Clearview Library,36,General Research,35,6,5,0,139,false,true,0,9999,false,30,241.71586018181821,0.36363636363636365,25,20,23.0,Maintain,,
https://clearviewlibrary.org/borrow-research/research/automotive?field_resource_category_target_id=77,200,Automotive | Clearview Library,30,Automotive,34,6,5,0,139,false,true,0,9999,false,32,15.05043234375,0.125,25,20,23.0,Maintain,,
https://clearviewlibrary.org/borrow-research/research/automotive?field_resource_category_target_id=20,200,Automotive | Clearview Library,30,Automotive,150,8,7,0,141,false,true,0,9999,false,32,15.05043234375,0.125,25,20,23.0,Maintain,,
https://clearviewlibrary.org/borrow-research/research/automotive?field_resource_category_target_id=18,200,Automotive | Clearview Library,30,Automotive,34,6,5,0,139,false,true,0,9999,false,32,15.05043234375,0.125,25,20,23.0,Maintain,,
https://clearviewlibrary.org/borrow-research/research/automotive?field_resource_category_target_id=19,200,Automotive | Clearview Library,30,Automotive,34,6,5,0,139,false,true,0,9999,false,32,15.05043234375,0.125,25,20,23.0,Maintain,,
https://clearviewlibrary.org/borrow-research/research/automotive?field_resource_category_target_id=16,200,Automotive | Clearview Library,30,Automotive,34,6,5,0,139,false,true,0,9999,false,32,15.05043234375,0.125,25,20,23.0,Maintain,,
https://clearviewlibrary.org/borrow-research/research/automotive?field_resource_category_target_id=23,200,Automotive | Clearview Library,30,Automotive,34,6,5,0,139,false,true,0,9999,false,32,15.05043234375,0.125,25,20,23.0,Maintain,,
https://clearviewlibrary.org/borrow-research/research/automotive?field_resource_category_target_id=25,200,Automotive | Clearview Library,30,Automotive,34,6,5,0,139,false,true,0,9999,false,32,15.05043234375,0.125,25,20,23.0,Maintain,,
https://clearviewlibrary.org/borrow-research/research/automotive?field_resource_category_target_id=24,200,Automotive | Clearview Library,30,Automotive,34,6,5,0,139,false,true,0,9999,false,32,15.05043234375,0.125,25,20,23.0,Maintain,,
https://clearviewlibrary.org/borrow-research/research/automotive?field_resource_category_target_id=21,200,Automotive | Clearview Library,30,Automotive,34,6,5,0,139,false,true,0,9999,false,32,15.05043234375,0.125,25,20,23.0,Maintain,,
https://clearviewlibrary.org/borrow-research/research/automotive?field_resource_category_target_id=26,200,Automotive | Clearview Library,30,Automotive,34,6,5,0,139,false,true,0,9999,false,32,15.05043234375,0.125,25,20,23.0,Maintain,,
https://clearviewlibrary.org/borrow-research/research/automotive?field_resource_category_target_id=62,200,Automotive | Clearview Library,30,Automotive,34,6,5,0,139,false,true,0,9999,false,32,15.05043234375,0.125,25,20,23.0,Maintain,,
https://clearviewlibrary.org/borrow-research/research/health-science?field_resource_category_target_id=77,200,Health & Science | Clearview Library,36,Health & Science,36,6,5,0,139,false,true,0,9999,false,14,0.7156321428571429,0,25,20,23.0,Review / Consolidate,,
https://clearviewlibrary.org/borrow-research/research/health-science?field_resource_category_target_id=20,200,Health & Science | Clearview Library,36,Health & Science,36,6,5,0,139,false,true,0,9999,false,14,0.7156321428571429,0,25,20,23.0,Review / Consolidate,,
https://clearviewlibrary.org/borrow-research/research/health-science?field_resource_category_target_id=18,200,Health & Science | Clearview Library,36,Health & Science,36,6,5,0,139,false,true,0,9999,false,14,0.7156321428571429,0,25,20,23.0,Review / Consolidate,,
https://clearviewlibrary.org/borrow-research/research/health-science?field_resource_category_target_id=19,200,Health & Science | Clearview Library,36,Health & Science,36,6,5,0,139,false,true,0,9999,false,14,0.7156321428571429,0,25,20,23.0,Review / Consolidate,,
https://clearviewlibrary.org/borrow-research/research/health-science?field_resource_category_target_id=16,200,Health & Science | Clearview Library,36,Health & Science,36,6,5,0,139,false,true,0,9999,false,14,0.7156321428571429,0,25,20,23.0,Review / Consolidate,,
https://clearviewlibrary.org/borrow-research/research/health-science?field_resource_category_target_id=23,200,Health & Science | Clearview Library,36,Health & Science,360,12,11,0,146,false,true,0,9999,false,14,0.7156321428571429,0,32,20,27.2,Review / Consolidate,,
https://clearviewlibrary.org/borrow-research/research/health-science?field_resource_category_target_id=25,200,Health & Science | Clearview Library,36,Health & Science,36,6,5,0,139,false,true,0,9999,false,14,0.7156321428571429,0,25,20,23.0,Review / Consolidate,,
https://clearviewlibrary.org/borrow-research/research/health-science?field_resource_category_target_id=24,200,Health & Science | Clearview Library,36,Health & Science,36,6,5,0,139,false,true,0,9999,false,14,0.7156321428571429,0,25,20,23.0,Review / Consolidate,,
https://clearviewlibrary.org/borrow-research/research/health-science?field_resource_category_target_id=21,200,Health & Science | Clearview Library,36,Health & Science,114,7,6,0,141,false,true,0,9999,false,14,0.7156321428571429,0,25,20,23.0,Review / Consolidate,,
https://clearviewlibrary.org/borrow-research/research/health-science?field_resource_category_target_id=26,200,Health & Science | Clearview Library,36,Health & Science,36,6,5,0,139,false,true,0,9999,false,14,0.7156321428571429,0,25,20,23.0,Review / Consolidate,,
https://clearviewlibrary.org/borrow-research/research/health-science?field_resource_category_target_id=62,200,Health & Science | Clearview Library,36,Health & Science,36,6,5,0,139,false,true,0,9999,false,14,0.7156321428571429,0,25,20,23.0,Review / Consolidate,,
https://clearviewlibrary.org/borrow-research/research/hobbies?field_resource_category_target_id=77,200,Hobbies | Clearview Library,27,Hobbies,34,6,5,0,139,false,true,0,9999,false,11,5.232754272727273,0.2727272727272727,22,20,21.2,Review / Consolidate,,
https://clearviewlibrary.org/borrow-research/research/hobbies?field_resource_category_target_id=20,200,Hobbies | Clearview Library,27,Hobbies,34,6,5,0,139,false,true,0,9999,false,11,5.232754272727273,0.2727272727272727,22,20,21.2,Review / Consolidate,,
https://clearviewlibrary.org/borrow-research/research/hobbies?field_resource_category_target_id=18,200,Hobbies | Clearview Library,27,Hobbies,34,6,5,0,139,false,true,0,9999,false,11,5.232754272727273,0.2727272727272727,22,20,21.2,Review / Consolidate,,
https://clearviewlibrary.org/borrow-research/research/hobbies?field_resource_category_target_id=19,200,Hobbies | Clearview Library,27,Hobbies,34,6,5,0,139,false,true,0,9999,false,11,5.232754272727273,0.2727272727272727,22,20,21.2,Review / Consolidate,,
https://clearviewlibrary.org/borrow-research/research/hobbies?field_resource_category_target_id=16,200,Hobbies | Clearview Library,27,Hobbies,34,6,5,0,139,false,true,0,9999,false,11,5.232754272727273,0.2727272727272727,22,20,21.2,Review / Consolidate,,
https://clearviewlibrary.org/borrow-research/research/hobbies?field_resource_category_target_id=23,200,Hobbies | Clearview Library,27,Hobbies,34,6,5,0,139,false,true,0,9999,false,11,5.232754272727273,0.2727272727272727,22,20,21.2,Review / Consolidate,,
https://clearviewlibrary.org/borrow-research/research/hobbies?field_resource_category_target_id=25,200,Hobbies | Clearview Library,27,Hobbies,34,6,5,0,139,false,true,0,9999,false,11,5.232754272727273,0.2727272727272727,22,20,21.2,Review / Consolidate,,
https://clearviewlibrary.org/borrow-research/research/hobbies?field_resource_category_target_id=24,200,Hobbies | Clearview Library,27,Hobbies,184,9,8,0,142,false,true,0,9999,false,11,5.232754272727273,0.2727272727272727,22,20,21.2,Review / Consolidate,,
https://clearviewlibrary.org/borrow-research/research/hobbies?field_resource_category_target_id=21,200,Hobbies | Clearview Library,27,Hobbies,34,6,5,0,139,false,true,0,9999,false,11,5.232754272727273,0.2727272727272727,22,20,21.2,Review / Consolidate,,
https://clearviewlibrary.org/borrow-research/research/hobbies?field_resource_category_target_id=26,200,Hobbies | Clearview Library,27,Hobbies,34,6,5,0,139,false,true,0,9999,false,11,5.232754272727273,0.2727272727272727,22,20,21.2,Review / Consolidate,,
https://clearviewlibrary.org/borrow-research/research/hobbies?field_resource_category_target_id=62,200,Hobbies | Clearview Library,27,Hobbies,34,6,5,0,139,false,true,0,9999,false,11,5.232754272727273,0.2727272727272727,22,20,21.2,Review / Consolidate,,
https://clearviewlibrary.org/borrow-research/research/technology?field_resource_category_target_id=77,200,Technology | Clearview Library,30,Technology,34,6,5,0,139,false,true,0,9999,false,35,37.68175288571429,0.5142857142857142,25,20,23.0,Maintain,,
https://clearviewlibrary.org/borrow-research/research/technology?field_resource_category_target_id=20,200,Technology | Clearview Library,30,Technology,34,6,5,0,139,false,true,0,9999,false,35,37.68175288571429,0.5142857142857142,25,20,23.0,Maintain,,
https://clearviewlibrary.org/borrow-research/research/technology?field_resource_category_target_id=18,200,Technology | Clearview Library,30,Technology,34,6,5,0,139,false,true,0,9999,false,35,37.68175288571429,0.5142857142857142,25,20,23.0,Maintain,,
https://clearviewlibrary.org/borrow-research/research/technology?field_resource_category_target_id=19,200,Technology | Clearview Library,30,Technology,34,6,5,0,139,false,true,0,9999,false,35,37.68175288571429,0.5142857142857142,25,20,23.0,Maintain,,
https://clearviewlibrary.org/borrow-research/research/technology?field_resource_category_target_id=16,200,Technology | Clearview Library,30,Technology,34,6,5,0,139,false,true,0,9999,false,35,37.68175288571429,0.5142857142857142,25,20,23.0,Maintain,,
https://clearviewlibrary.org/borrow-research/research/technology?field_resource_category_target_id=23,200,Technology | Clearview Library,30,Technology,34,6,5,0,139,false,true,0,9999,false,35,37.68175288571429,0.5142857142857142,25,20,23.0,Maintain,,
https://clearviewlibrary.org/borrow-research/research/technology?field_resource_category_target_id=25,200,Technology | Clearview Library,30,Technology,34,6,5,0,139,false,true,0,9999,false,35,37.68175288571429,0.5142857142857142,25,20,23.0,Maintain,,
https://clearviewlibrary.org/borrow-research/research/technology?field_resource_category_target_id=24,200,Technology | Clearview Library,30,Technology,34,6,5,0,139,false,true,0,9999,false,35,37.68175288571429,0.5142857142857142,25,20,23.0,Maintain,,
https://clearviewlibrary.org/borrow-research/research/technology?field_resource_category_target_id=21,200,Technology | Clearview Library,30,Technology,72,7,6,0,141,false,true,0,9999,false,35,37.68175288571429,0.5142857142857142,25,20,23.0,Maintain,,
https://clearviewlibrary.org/borrow-research/research/technology?field_resource_category_target_id=26,200,Technology | Clearview Library,30,Technology,34,6,5,0,139,false,true,0,9999,false,35,37.68175288571429,0.5142857142857142,25,20,23.0,Maintain,,
https://clearviewlibrary.org/borrow-research/research/technology?field_resource_category_target_id=62,200,Technology | Clearview Library,30,Technology,134,9,8,0,143,false,true,0,9999,false,35,37.68175288571429,0.5142857142857142,25,20,23.0,Maintain,,
https://clearviewlibrary.org/borrow-research/research/books-literature-0?field_resource_category_target_id=All,200,Books & Literature | Clearview Library,38,Books & Literature,278,11,10,0,144,false,true,0,9999,false,57,56.37924145283019,0.5471698113207547,25,20,23.0,High Impact – Improve,,
https://clearviewlibrary.org/borrow-research/research/business-legal-0?field_resource_category_target_id=All,200,Business & Legal | Clearview Library,36,Business & Legal,156,9,8,0,142,false,true,0,9999,false,41,52.666570261904766,0.38095238095238093,25,20,23.0,High Impact – Improve,,
https://clearviewlibrary.org/borrow-research/research/history-genealogy?field_resource_category_target_id=All,200,History & Genealogy | Clearview Library,39,History & Genealogy,397,14,13,0,148,false,true,0,9999,false,107,161.21078501818184,0.6181818181818182,32,20,27.2,High Impact – Improve,,
https://clearviewlibrary.org/borrow-research/research/homework-online-learning-0?field_resource_category_target_id=All,200,Homework & Online Learning | Clearview Library,46,Homework & Online Learning,776,20,19,0,158,false,true,0,9999,false,92,54.68488867032967,0.43956043956043955,40,20,32.0,High Impact – Improve,,
https://clearviewlibrary.org/borrow-research/research/news-current-events?field_resource_category_target_id=All,200,News & Current Events | Clearview Library,41,News & Current Events,365,11,10,0,144,false,true,0,9999,false,240,47.810354716157214,0.8820960698689956,32,20,27.2,High Impact – Improve,,
https://clearviewlibrary.org/about-us/learn-more/news/real-baby-food-easy-all-natural-recipes-your-baby-and-toddler-jenna-helwig,200,"Real Baby Food: Easy, All-Natural Recipes for Your Baby and Toddler by Jenna Helwig | Clearview Library",103,"Real Baby Food: Easy, All-Natural Recipes for Your Baby and Toddler by Jenna Helwig",793,6,9,0,141,true,false,0,299,false,15,24.385484214285718,0.2857142857142857,57,100,74.2,Maintain,,
https://clearviewlibrary.org/about-us/learn-more/news/cookbook-nook-martha-stewarts-fruit-desserts-100-delicious-ways-savor-best,200,Cookbook Nook: Martha Stewart's Fruit Desserts: 100+ Delicious Ways to Savor the Best of Every Season by Martha Stewart | Clearview Library,139,Cookbook Nook: Martha Stewart's Fruit Desserts: 100+ Delicious Ways to Savor the Best of Every Season by Martha Stewart,594,6,9,0,141,true,false,0,329,false,10,19.399905800000003,0.6,49,100,69.4,Maintain,,
https://clearviewlibrary.org/about-us/learn-more/news/cookbook-nook-official-bridgerton-cookbook-regula-ysewijn,200,Cookbook Nook: The Official Bridgerton Cookbook by Regula Ysewijn | Clearview Library,85,Cookbook Nook: The Official Bridgerton Cookbook by Regula Ysewijn,615,6,9,0,141,true,false,0,364,false,24,35.63330929999999,0.45,57,100,74.2,Maintain,,
https://clearviewlibrary.org/about-us/learn-more/news/cookbook-nook-windsor-colorado-centennial-cookbook-1890-1990,200,Cookbook Nook: Windsor Colorado Centennial Cookbook 1890-1990 | Clearview Library,81,Cookbook Nook: Windsor Colorado Centennial Cookbook 1890-1990,683,6,9,0,141,true,false,0,391,false,12,154.6238423,0.3,57,70,62.2,Maintain,,
https://clearviewlibrary.org/about-us/learn-more/news/half-baked-harvest-quick-cozy-cookbook-tieghan-gerard,200,Half Baked Harvest Quick & Cozy: A Cookbook by Tieghan Gerard | Clearview Library,81,Half Baked Harvest Quick & Cozy: A Cookbook by Tieghan Gerard,615,6,9,0,141,true,false,0,424,false,21,35.172486199999994,0.35,57,70,62.2,Maintain,,
https://clearviewlibrary.org/about-us/learn-more/news/cookbook-nook-pumpkin-spice-cookbook-60-wonderfully-warming-recipes,200,Cookbook Nook: The Pumpkin Spice Cookbook: 60 Wonderfully Warming Recipes by Heather Thomas | Clearview Library,111,Cookbook Nook: The Pumpkin Spice Cookbook: 60 Wonderfully Warming Recipes by Heather Thomas,682,6,9,0,141,true,false,0,475,false,5,101.77564075,0.75,57,70,62.2,Maintain,,
https://clearviewlibrary.org/about-us/learn-more/news/cookbook-nook-unofficial-harry-potter-cookbook-dinah-bucholz,200,Cookbook Nook: The Unofficial Harry Potter Cookbook by Dinah Bucholz | Clearview Library,88,Cookbook Nook: The Unofficial Harry Potter Cookbook by Dinah Bucholz,811,6,9,0,141,false,false,0,489,false,9,125.6810375,0.25,52,70,59.2,Maintain,,
https://clearviewlibrary.org/about-us/learn-more/news/cookbook-nook-how-not-die-cookbook-michael-greger,200,Cookbook Nook: The How Not to Die Cookbook by Michael Greger | Clearview Library,80,Cookbook Nook: The How Not to Die Cookbook by Michael Greger,770,6,9,0,141,true,false,0,536,false,39,31.410510024390245,0.5121951219512195,57,70,62.2,Maintain,,
https://clearviewlibrary.org/about-us/learn-more/news/cookbook-nook-noom-kitchen-100-healthy-delicious-flexible-recipes-every,200,"Cookbook Nook: The Noom Kitchen: 100 Healthy, Delicious, Flexible Recipes for Every Day by Noom | Clearview Library",115,"Cookbook Nook: The Noom Kitchen: 100 Healthy, Delicious, Flexible Recipes for Every Day by Noom",730,6,9,0,141,true,false,0,573,false,9,66.710795375,0.75,57,70,62.2,Maintain,,
https://clearviewlibrary.org/about-us/learn-more/news/cookbook-nook-mexican-today-pati-jinish,200,Cookbook Nook: Mexican Today by Pati Jinish | Clearview Library,63,Cookbook Nook: Mexican Today by Pati Jinish,619,6,9,0,141,true,false,0,615,false,3,278.050362,1,60,70,64.0,Maintain,,
https://clearviewlibrary.org/about-us/learn-more/news/cookbook-nook-blue-zones-american-kitchen-dan-buettner,200,Cookbook Nook: The Blue Zones American Kitchen by Dan Buettner | Clearview Library,82,Cookbook Nook: The Blue Zones American Kitchen by Dan Buettner,690,6,9,0,141,true,false,0,640,false,5,28.893465600000003,0.2,57,70,62.2,Maintain,,
https://clearviewlibrary.org/about-us/learn-more/news/cookbook-nook-taste-home-make-ahead-comfort-foods,200,Cookbook Nook: Taste of Home: Make-Ahead Comfort Foods | Clearview Library,74,Cookbook Nook: Taste of Home: Make-Ahead Comfort Foods,636,6,9,0,141,true,false,0,670,false,4,6.4485779999999995,0.25,57,70,62.2,Maintain,,
https://clearviewlibrary.org/about-us/learn-more/news/cookbook-nook-milk-street-cook-what-you-have-christopher-kimball,200,Cookbook Nook: Milk Street: Cook What You Have by Christopher Kimball | Clearview Library,89,Cookbook Nook: Milk Street: Cook What You Have by Christopher Kimball,633,6,9,0,141,true,false,0,700,false,6,30.039562,0.5,57,70,62.2,Maintain,,
https://clearviewlibrary.org/cookbook-nook?page=0,200,Cookbook Nook | Clearview Library,33,Cookbook Nook,356,7,18,0,164,false,true,0,299,false,32,11.03227284375,0.34375,32,100,59.2,Maintain,,
https://clearviewlibrary.org/cookbook-nook?page=1,200,Cookbook Nook | Clearview Library,33,Cookbook Nook,374,7,18,0,164,false,true,0,299,false,32,11.03227284375,0.34375,32,100,59.2,Maintain,,
https://clearviewlibrary.org/cookbook-nook?page=2,200,Cookbook Nook | Clearview Library,33,Cookbook Nook,166,7,7,0,142,false,true,0,299,false,32,11.03227284375,0.34375,25,100,55.0,Maintain,,
https://clearviewlibrary.org/about-us/learn-more/news/proposal-network-services-and-hardware-all-sites,200,Proposal for Network Services and Hardware for All Sites | Clearview Library,76,Proposal for Network Services and Hardware for All Sites,385,6,6,0,141,true,false,0,410,false,1,4.819815,1,49,70,57.4,Maintain,,
https://clearviewlibrary.org/about-us/learn-more/news/windsor-and-severance-library-branches-announce-new-hours-starting,200,"Windsor and Severance Library Branches Announce New Hours Starting December 30, 2024 | Clearview Library",104,"Windsor and Severance Library Branches Announce New Hours Starting December 30, 2024",379,6,6,0,142,true,false,0,454,false,9,11.248902111111112,0.4444444444444444,49,70,57.4,Maintain,,
https://clearviewlibrary.org/about-us/learn-more/news/clearview-library-district-statement-town-windsors-development-resolution,200,Clearview Library District Statement on Town of Windsor’s Development Resolution (2024-62) | Clearview Library,110,Clearview Library District Statement on Town of Windsor’s Development Resolution (2024-62),439,6,6,0,141,true,false,0,481,false,9,184.07850377777777,0.6666666666666666,49,70,57.4,Maintain,,
https://clearviewlibrary.org/about-us/learn-more/news/clearview-library-district-appoints-new-library-director,200,Clearview Library District Appoints New Library Director | Clearview Library,76,Clearview Library District Appoints New Library Director,580,6,6,0,141,true,false,0,503,false,38,171.67615861764705,0.7352941176470589,49,70,57.4,Maintain,,
https://clearviewlibrary.org/about-us/learn-more/news/discover-more-pika-our-new-intuitive-catalog-system,200,Discover More with Pika: Our New Intuitive Catalog System | Clearview Library,77,Discover More with Pika: Our New Intuitive Catalog System,606,8,6,0,142,true,false,0,504,false,8,95.0417991,0.8,57,70,62.2,Maintain,,
https://clearviewlibrary.org/about-us/learn-more/news/2024-candidates-library-director-position,200,2024 Candidates for the Library Director Position | Clearview Library,69,2024 Candidates for the Library Director Position,342,6,6,0,141,true,false,0,564,false,1,5.076032,0,49,70,57.4,Maintain,,
https://clearviewlibrary.org/about-us/learn-more/news/library-district-director-retirement-announcement,200,Library District Director Retirement Announcement | Clearview Library,69,Library District Director Retirement Announcement,446,6,7,0,141,true,false,0,591,false,14,49.388619,0.35714285714285715,49,70,57.4,Maintain,,
https://clearviewlibrary.org/about-us/learn-more/news/library-director-opening,200,Library Director Opening | Clearview Library,44,Library Director Opening,381,6,6,0,142,true,false,0,623,false,6,7.460081166666666,0.16666666666666666,52,70,59.2,Maintain,,
https://clearviewlibrary.org/about-us/learn-more/news/cookbook-nook-halloween-cookbook-betty-crocker,200,Cookbook Nook: Halloween Cookbook by Betty Crocker | Clearview Library,70,Cookbook Nook: Halloween Cookbook by Betty Crocker,568,6,8,0,141,true,false,0,861,false,3,40.91902733333333,0.6666666666666666,49,40,45.4,Review / Consolidate,,
https://clearviewlibrary.org/about-us/learn-more/news/cookbook-nook-forest-feast-simple-vegetarian-recipes-my-cabin-woods,200,Cookbook Nook: The Forest Feast: Simple Vegetarian Recipes from My Cabin in the Woods | Clearview Library,105,Cookbook Nook: The Forest Feast: Simple Vegetarian Recipes from My Cabin in the Woods,714,6,8,0,141,true,false,0,885,false,4,37.77193475,0.5,57,40,50.2,Maintain,,
https://clearviewlibrary.org/about-us/learn-more/news/statement-clearview-library-district-board,200,Statement from the Clearview Library District Board | Clearview Library,71,Statement from the Clearview Library District Board,905,7,6,0,141,true,false,0,896,false,8,257.63183999999995,0.42857142857142855,57,40,50.2,Maintain,,
https://clearviewlibrary.org/about-us/learn-more/news/cookbook-nook-farmhouse-rules-seasonal-meals-whole-family,200,The Cookbook Nook: Farmhouse Rules: Seasonal Meals for the Whole Family | Clearview Library,91,The Cookbook Nook: Farmhouse Rules: Seasonal Meals for the Whole Family,609,6,8,0,141,true,false,0,924,false,5,42.6083544,0.2,57,40,50.2,Maintain,,
https://clearviewlibrary.org/about-us/learn-more/news/cookbook-nook-take-it-easy-recipes-zero-stress-deliciousness,200,The Cookbook Nook: Take It Easy: Recipes for Zero Stress Deliciousness | Clearview Library,90,The Cookbook Nook: Take It Easy: Recipes for Zero Stress Deliciousness,533,6,7,0,141,false,false,0,957,false,4,61.707988666666665,0.3333333333333333,44,40,42.4,Review / Consolidate,,
https://clearviewlibrary.org/about-us/learn-more/news/request-proposal-shelving,200,Request for Proposal for Shelving | Clearview Library,53,Request for Proposal for Shelving,327,6,6,0,141,true,false,0,971,false,0,0,0,52,40,47.2,Review / Consolidate,,
https://clearviewlibrary.org/about-us/learn-more/news/request-proposal-furniture,200,Request for Proposal for Furniture | Clearview Library,54,Request for Proposal for Furniture,327,6,6,0,141,true,false,0,971,false,3,2.4019613333333334,0,52,40,47.2,Review / Consolidate,,
https://clearviewlibrary.org/about-us/learn-more/news/cookbook-nook-mi-cocina-recipes-and-rapture-my-kitchen-mexico,200,The Cookbook Nook: Mi Cocina: Recipes and Rapture from My Kitchen in Mexico | Clearview Library,95,The Cookbook Nook: Mi Cocina: Recipes and Rapture from My Kitchen in Mexico,663,6,7,0,141,true,false,0,986,false,5,9.425302250000001,0.25,57,40,50.2,Maintain,,
https://clearviewlibrary.org/about-us/learn-more/news/request-proposal-naming-convention-logo-design-and-branding-refresh,200,"Request for Proposal for Naming Convention, Logo Design, and Branding Refresh | Clearview Library",97,"Request for Proposal for Naming Convention, Logo Design, and Branding Refresh",793,6,6,0,142,true,false,0,992,false,0,0,0,57,40,50.2,Maintain,,
https://clearviewlibrary.org/about-us/learn-more/news/cookbook-nook-delectable-sweet-and-savory-baking-claudia-fleming,200,The Cookbook Nook: Delectable: Sweet and Savory Baking by Claudia Fleming | Clearview Library,93,The Cookbook Nook: Delectable: Sweet and Savory Baking by Claudia Fleming,745,6,7,0,141,true,false,0,1018,false,18,27.17519347368421,0.42105263157894735,57,40,50.2,Maintain,,
https://clearviewlibrary.org/about-us/learn-more/news/clearview-library-district-breaks-ground-new-branch-severance,200,Clearview Library District Breaks Ground on New Branch in Severance | Clearview Library,87,Clearview Library District Breaks Ground on New Branch in Severance,597,6,6,0,142,true,false,0,1019,false,5,3.5526364,0.2,49,40,45.4,Review / Consolidate,,
https://clearviewlibrary.org/about-us/learn-more/news/cookbook-nook-100-techniques-master-lifetime-cooking-skills-basic-bucket,200,"The Cookbook Nook: 100 Techniques: Master A Lifetime Of Cooking Skills, From Basic To Bucket List by America's Test Kitchen | Clearview Library",143,"The Cookbook Nook:  100 Techniques: Master A Lifetime Of Cooking Skills, From Basic To Bucket List by America's Test Kitchen",775,6,7,0,141,true,false,0,1042,false,11,21.48311505882353,0.29411764705882354,57,40,50.2,Maintain,,
https://clearviewlibrary.org/about-us/learn-more/news/events,200,Events | Clearview Library,26,Events,108,7,6,0,143,false,false,0,1062,false,2,4.611697,0,37,40,38.2,Review / Consolidate,,
https://clearviewlibrary.org/about-us/learn-more/news/national-library-week-2023,200,National Library Week 2023 | Clearview Library,46,National Library Week 2023,710,8,6,0,141,true,false,0,1062,false,4,7.3621105,0.25,60,40,52.0,Maintain,,
https://clearviewlibrary.org/about-us/learn-more/news/cookbook-nook-pasta-queen-just-gorgeous-cookbook-nadia-caterina-munno,200,The Cookbook Nook: The Pasta Queen: A Just Gorgeous Cookbook by Nadia Caterina Munno | Clearview Library,104,The Cookbook Nook: The Pasta Queen: A Just Gorgeous Cookbook by Nadia Caterina Munno,602,6,7,0,141,true,false,0,1081,false,121,27.485087083333333,0.39166666666666666,57,40,50.2,Maintain,,
https://clearviewlibrary.org/about-us/learn-more/news/pioneer-woman-cooks-super-easy-ree-drummond,200,The Pioneer Woman Cooks: Super Easy! by Ree Drummond | Clearview Library,72,The Pioneer Woman Cooks: Super Easy! by Ree Drummond,661,6,7,0,141,true,false,0,1111,false,9,22.516810666666668,0.5555555555555556,57,20,42.2,Review / Consolidate,,
https://clearviewlibrary.org/about-us/learn-more/news/request-proposal-network-services-and-hardware-0,200,Request for Proposal for Network Services and Hardware | Clearview Library,74,Request for Proposal for Network Services and Hardware,342,7,6,0,141,true,true,0,1130,false,2,0,0,34,20,28.4,Review / Consolidate,,
https://clearviewlibrary.org/about-us/learn-more/news/cookbook-nook-korean-vegan-cookbook-joanne-lee-molinaro,200,The Cookbook Nook: The Korean Vegan Cookbook by Joanne Lee Molinaro | Clearview Library,87,The Cookbook Nook: The Korean Vegan Cookbook by Joanne Lee Molinaro,668,6,7,0,141,true,false,0,1140,false,6,17.61931433333333,0.16666666666666666,57,20,42.2,Review / Consolidate,,
https://clearviewlibrary.org/about-us/learn-more/news/cookbook-nook-dories-cookies,200,The Cookbook Nook: Dorie's Cookies | Clearview Library,54,The Cookbook Nook: Dorie's Cookies,675,6,7,0,141,true,false,0,1180,false,4,81.2824545,0.25,60,20,44.0,Review / Consolidate,,
https://clearviewlibrary.org/about-us/learn-more/news/cookbook-nook-prep-rally,200,"The Cookbook Nook: Prep + Rally: an hour of prep, a week of delicious meals. | Clearview Library",96,"The Cookbook Nook: Prep + Rally: an hour of prep, a week of delicious meals.",562,6,7,0,141,false,false,0,1208,false,7,19.249231,0.14285714285714285,44,20,34.4,Review / Consolidate,,
https://clearviewlibrary.org/about-us/learn-more/news/cookbook-nook-half-baked-harvest-every-day,200,Cookbook Nook: Half Baked Harvest: Every Day | Clearview Library,64,Cookbook Nook: Half Baked Harvest: Every Day,529,6,7,0,141,true,false,0,1246,false,10,217.99054555555554,0.5555555555555556,52,20,39.2,Review / Consolidate,,
https://clearviewlibrary.org/about-us/learn-more/news/severance-library-branch,200,Severance Library Branch | Clearview Library,44,Severance Library Branch,412,6,6,0,141,true,false,0,1414,false,123,78.6205537094017,0.811965811965812,52,20,39.2,High Impact – Improve,,
https://clearviewlibrary.org/about-us/learn-more/news/request-proposal-network-services-and-hardware,200,Request for Proposal for Network Services and Hardware | Clearview Library,74,Request for Proposal for Network Services and Hardware,383,7,6,0,142,true,true,0,1462,false,5,7.6962276,0.2,34,20,28.4,Review / Consolidate,,
https://clearviewlibrary.org/about-us/learn-more/news/library-and-school-district-partner-bring-e-books-students,200,Library and School District Partner to Bring e-Books to Students | Clearview Library,84,Library and School District Partner to Bring e-Books to Students,549,6,6,0,141,true,false,0,1978,false,0,0,0,49,20,37.4,Review / Consolidate,,
https://clearviewlibrary.org/about-us/learn-more/policies-faqs/check-out-information-policy,200,Check Out Policy | Clearview Library,36,Check Out Policy,294,6,5,0,148,true,true,0,9999,false,0,0,0,30,20,26.0,Review / Consolidate,,
https://clearviewlibrary.org/borrow-research/books-movies-more/suggest-purchase,403,Access denied | Clearview Library,33,,8,5,5,0,136,false,true,0,9999,false,48,71.30925128,0.6,25,20,23.0,High Impact – Improve,,
https://clearviewlibrary.org/node/322,200,Request Public Records | Clearview Library,42,Request Public Records,530,9,5,0,148,true,true,0,9999,false,0,0,0,37,20,30.2,Review / Consolidate,,
https://clearviewlibrary.org/borrow-research/research/general-research?field_resource_category_target_id=All,200,General Research | Clearview Library,36,General Research,454,14,13,0,149,false,true,0,9999,false,30,241.71586018181821,0.36363636363636365,32,20,27.2,Maintain,,
https://clearviewlibrary.org/borrow-research/research/automotive?field_resource_category_target_id=All,200,Automotive | Clearview Library,30,Automotive,150,8,7,0,141,false,true,0,9999,false,32,15.05043234375,0.125,25,20,23.0,Maintain,,
https://clearviewlibrary.org/borrow-research/research/health-science?field_resource_category_target_id=All,200,Health & Science | Clearview Library,36,Health & Science,360,12,11,0,146,false,true,0,9999,false,14,0.7156321428571429,0,32,20,27.2,Review / Consolidate,,
https://clearviewlibrary.org/borrow-research/research/hobbies?field_resource_category_target_id=All,200,Hobbies | Clearview Library,27,Hobbies,184,9,8,0,142,false,true,0,9999,false,11,5.232754272727273,0.2727272727272727,22,20,21.2,Review / Consolidate,,
https://clearviewlibrary.org/borrow-research/research/technology?field_resource_category_target_id=All,200,Technology | Clearview Library,30,Technology,134,9,8,0,143,false,true,0,9999,false,35,37.68175288571429,0.5142857142857142,25,20,23.0,Maintain,,
